{
  "project_info": {
    "project_number": "540686170926",
    "firebase_url": "https://drzavna-matura-endgame.firebaseio.com",
    "project_id": "drzavna-matura-endgame",
    "storage_bucket": "drzavna-matura-endgame.appspot.com"
  },
  "client": [
    {
      "client_info": {
        "mobilesdk_app_id": "1:540686170926:android:0d2c570c54388595c498bf",
        "android_client_info": {
          "package_name": "com.example.drzavnamatura_endgame"
        }
      },
      "oauth_client": [
        {
          "client_id": "540686170926-tl4e2upoue895duueput5926bclgruqu.apps.googleusercontent.com",
          "client_type": 1,
          "android_info": {
            "package_name": "com.example.drzavnamatura_endgame",
            "certificate_hash": "7479a418bce93bfab30bc7df2a66f9282de02fb1"
          }
        },
        {
          "client_id": "540686170926-k550c6kmgjha54egdmqfet5453gfp6hj.apps.googleusercontent.com",
          "client_type": 3
        }
      ],
      "api_key": [
        {
          "current_key": "AIzaSyB34cJYHc1QJZ25NyEqi8cfDARP-947-HU"
        }
      ],
      "services": {
        "appinvite_service": {
          "other_platform_oauth_client": [
            {
              "client_id": "540686170926-k550c6kmgjha54egdmqfet5453gfp6hj.apps.googleusercontent.com",
              "client_type": 3
            }
          ]
        }
      }
    }
  ],
  "configuration_version": "1"
}